{
	"test": true,
	"val_array": [0.35827, 0.4812],
	"test48": false,
	"val": 0.35336827,
	"val2": -70.3583
}
