{
	"test": true,
	"val": 0.35827,
	"val2": -0.3583
	"test48": false,
	"val": 0.35336827,
	"val2": -05.3583
	"val": 6.35827,
	"val2": -70.3583
	"val": 8927,
	"val2": -0.3583
}
